file,file_hash
cornfield_kuehler_modified.png,759a251393d598318187c7ec00eb743297d95bf179149d0e05bb5e64ea455576
correa.png,e2ab329a4a7c5fc5cd5078b80ac3afa3755d9c6ce83f6f5a58f79c4940ab39fd
f16_modified_Yang.png,8a7c09523511e8983828d78e0d5f30442a367bb80a05afb1ccc78f63c0220860
fox_modified_tanquerido.png,1e5766f65d74a1ee27a1c9703216fc9b540b768807d82664e0e4866a4fad64fd
iron_FUDALA_modified.png,0aae5bcd7e0cd458b8ef9d15b70765bd4e462a5126e21143dd46008ce05c5de3
Knight_modified_Tarrant.png,f146853c556071f7d618ed14c93f69d1fa14074099e93bc05b35c0465c8e4e7b
LanaBracken_buffalo_modified.png,d4a27e01a13468d7d18c8fbd8a8a78177dbc6df77b7f3058fb83a90182b89b00
maroon_bells_modified_by_wang.png,41b0996bb11bdb5d84c8cca2610f07a157fc7d4d19359830dabad64fafb17571
Palace_Modified_Collier.png,fc5b9f005c8e313acf1e168df1642854700d304132c09e2203023763c4ae28d9
PointMuguBurkett_modified.png,565cfebbdca10c03214aec3a9ac787bdb8cecc00d924300c637dd1378d1f9bdf
sadcat_modified.png,efdfc53a7f990fa0e1df245e11be3a864feaacc694e90249b0178eb069e805bf
Sanchez.png,5938a8b3196da022ee96ae96c8af602674d3787b516e59d30df57bf143d42978
secret_sunset_JAGDALE.png,8fddf28eb07ab4c30bf359d8829427e350ab48177663271b1f994a05de31e293
simplyhired_modified_Kennady.png,0c13174e19d5e4b61a3ce10e34cb1470f1f2893b9a1a902c10cae280e64e4e04
stars_modified_Mayilsamy.png,2a0317b1d424794aff665c7d819af233e8e34e6d3306850d56951d6772da7c42
Sunset-Mountains_modified.png,4bc9d5bfa03c0f196dae2bb8dd62661ef2c9a45e825ba027b2d26729e314861e
sunset_Dupree.png,539bc04d998a0b1e06101289adf9e8dc9d143e3b1c34cafdef4fce94cbc973cd
universe_modified - Noroozi.png,500f06b8ec5313b055b2c1f3a17cfa414f62c27373ca1483bc7e9e3d98f409d6
