"FileName","Hash"
"cornfield_kuehler_modified.png","759A251393D598318187C7EC00EB743297D95BF179149D0E05BB5E64EA455576"
"correa.png","E2AB329A4A7C5FC5CD5078B80AC3AFA3755D9C6CE83F6F5A58F79C4940AB39FD"
"f16_modified_Yang.png","8A7C09523511E8983828D78E0D5F30442A367BB80A05AFB1CCC78F63C0220860"
"fox_modified_tanquerido.png","1E5766F65D74A1EE27A1C9703216FC9B540B768807D82664E0E4866A4FAD64FD"
"iron_FUDALA_modified.png","0AAE5BCD7E0CD458B8EF9D15B70765BD4E462A5126E21143DD46008CE05C5DE3"
"Knight_modified_Tarrant.png","F146853C556071F7D618ED14C93F69D1FA14074099E93BC05B35C0465C8E4E7B"
"LanaBracken_buffalo_modified.png","D4A27E01A13468D7D18C8FBD8A8A78177DBC6DF77B7F3058FB83A90182B89B00"
"maroon_bells_modified_by_wang.png","41B0996BB11BDB5D84C8CCA2610F07A157FC7D4D19359830DABAD64FAFB17571"
"Palace_Modified_Collier.png","FC5B9F005C8E313ACF1E168DF1642854700D304132C09E2203023763C4AE28D9"
"PointMuguBurkett_modified.png","565CFEBBDCA10C03214AEC3A9AC787BDB8CECC00D924300C637DD1378D1F9BDF"
"sadcat_modified.png","EFDFC53A7F990FA0E1DF245E11BE3A864FEAACC694E90249B0178EB069E805BF"
"Sanchez.png","5938A8B3196DA022EE96AE96C8AF602674D3787B516E59D30DF57BF143D42978"
"secret_sunset_JAGDALE.png","8FDDF28EB07AB4C30BF359D8829427E350AB48177663271B1F994A05DE31E293"
"simplyhired_modified_Kennady.png","0C13174E19D5E4B61A3CE10E34CB1470F1F2893B9A1A902C10CAE280E64E4E04"
"stars_modified_Mayilsamy.png","2A0317B1D424794AFF665C7D819AF233E8E34E6D3306850D56951D6772DA7C42"
"Sunset-Mountains_modified.png","4BC9D5BFA03C0F196DAE2BB8DD62661EF2C9A45E825BA027B2D26729E314861E"
"sunset_Dupree.png","539BC04D998A0B1E06101289ADF9E8DC9D143E3B1C34CAFDEF4FCE94CBC973CD"
"universe_modified - Noroozi.png","500F06B8EC5313B055B2C1F3A17CFA414F62C27373CA1483BC7E9E3D98F409D6"
